house_size,num_bedrooms,num_bathrooms,location_score,income,loan_amount,interest_rate,house_price
3974.0,1.0,2,8.14,99212.0,348530.0,4.21,871959.0
1660.0,5.0,2,3.85,163498.0,345209.0,4.4,431960.0
2094.0,,1,8.71,160970.0,400918.0,6.09,519569.0
1930.0,2.0,2,9.16,120009.0,242933.0,4.6,466857.0
,1.0,1,3.49,191015.0,490507.0,5.33,420183.0
3892.0,1.0,1,9.85,74816.0,398149.0,3.51,851807.0
2438.0,2.0,3,2.27,34138.0,103687.0,4.29,578980.0
2969.0,4.0,3,2.82,121176.0,265356.0,2.99,692513.0
1266.0,1.0,3,2.66,105945.0,51539.0,3.32,318992.0
2038.0,1.0,3,9.05,34017.0,204226.0,2.5,508596.0
1130.0,5.0,2,6.89,40451.0,121042.0,2.66,325638.0
2282.0,4.0,3,2.37,123863.0,478565.0,6.41,562930.0
2935.0,1.0,2,4.96,40278.0,128533.0,3.47,669625.0
3971.0,4.0,3,6.54,73764.0,442179.0,5.15,928666.0
3719.0,2.0,2,1.75,153030.0,162752.0,5.86,791414.0
930.0,3.0,1,8.94,162206.0,277705.0,4.7,292145.0
2485.0,1.0,2,8.23,92943.0,176700.0,3.11,563946.0
1569.0,5.0,2,5.55,125667.0,162752.0,5.41,440681.0
3191.0,2.0,3,9.7,,390435.0,4.9,739823.0
2315.0,4.0,2,4.76,133423.0,391932.0,5.43,545022.0
3653.0,2.0,1,9.86,133998.0,93461.0,5.58,818974.0
3233.0,1.0,1,7.01,90128.0,348076.0,6.4,716475.0
2015.0,4.0,3,6.71,51869.0,311439.0,4.79,538389.0
1755.0,3.0,1,2.49,35039.0,408766.0,3.87,391236.0
3124.0,2.0,2,8.94,182353.0,362021.0,5.09,733138.0
1984.0,1.0,1,4.85,142935.0,345209.0,2.77,463014.0
1259.0,5.0,3,2.46,40442.0,229736.0,6.09,365088.0
821.0,4.0,2,1.11,103788.0,281189.0,2.98,255257.0
3100.0,2.0,3,6.04,149729.0,212023.0,3.81,728908.0
,2.0,2,5.75,57586.0,79092.0,5.76,401258.0
3704.0,3.0,1,7.47,83053.0,245558.0,4.89,832865.0
1274.0,3.0,3,9.01,116346.0,378055.0,4.07,378656.0
1882.0,5.0,3,1.71,97087.0,283979.0,4.39,496851.0
3358.0,5.0,2,7.58,173697.0,122255.0,5.92,786543.0
2847.0,1.0,3,2.69,64397.0,349182.0,3.86,628075.0
3547.0,1.0,2,8.72,88671.0,203466.0,5.98,782752.0
1775.0,5.0,2,8.37,146214.0,419589.0,2.85,460307.0
2606.0,5.0,2,5.87,96897.0,136126.0,5.61,619791.0
989.0,4.0,2,7.39,187221.0,410215.0,5.89,285203.0
3805.0,3.0,1,3.83,166355.0,171136.0,3.23,815046.0
3534.0,1.0,2,5.24,,212023.0,4.22,774826.0
3805.0,3.0,3,8.39,44924.0,275730.0,3.16,868926.0
1362.0,3.0,1,5.13,143143.0,471773.0,5.33,356636.0
2699.0,5.0,3,4.22,140253.0,357347.0,4.64,640768.0
,4.0,1,5.45,130297.0,422778.0,5.04,492046.0
3679.0,2.0,2,8.45,30869.0,468632.0,3.29,839684.0
2328.0,4.0,1,4.02,127088.0,59837.0,3.35,532871.0
1446.0,4.0,1,2.56,31014.0,139312.0,2.67,361111.0
2868.0,3.0,3,7.41,40103.0,358019.0,3.79,699338.0
3688.0,4.0,3,8.43,140317.0,241591.0,4.74,866054.0
3014.0,1.0,2,1.91,194530.0,130820.0,5.93,671593.0
2097.0,3.0,1,3.16,112409.0,206625.0,5.17,488453.0
3235.0,1.0,1,2.28,53248.0,390414.0,4.24,694380.0
1400.0,2.0,1,4.13,190133.0,448276.0,6.31,317667.0
3163.0,3.0,2,5.05,185242.0,377036.0,5.38,705807.0
2861.0,2.0,2,7.74,38024.0,83783.0,6.22,645692.0
1041.0,3.0,2,6.86,115947.0,348076.0,4.61,295737.0
2841.0,,2,6.59,180368.0,83783.0,3.54,677401.0
3624.0,4.0,2,4.17,121829.0,308669.0,2.71,814902.0
3412.0,5.0,3,8.57,122708.0,194933.0,5.4,810957.0
3745.0,2.0,1,5.24,116664.0,471357.0,2.99,824406.0
2163.0,4.0,1,9.81,179329.0,155924.0,3.71,545390.0
2939.0,3.0,1,6.71,173927.0,79793.0,4.63,649893.0
2190.0,4.0,1,2.14,,97315.0,4.76,522811.0
3803.0,1.0,1,7.09,131121.0,128537.0,4.9,836081.0
2278.0,4.0,1,3.93,50025.0,233622.0,3.17,510461.0
3356.0,1.0,1,7.18,165530.0,160966.0,4.02,751895.0
1575.0,4.0,1,1.63,93610.0,471773.0,4.97,358481.0
834.0,1.0,3,2.57,100843.0,378055.0,6.38,237894.0
3053.0,,1,8.7,137237.0,373836.0,5.41,677269.0
3952.0,5.0,3,3.04,160299.0,345209.0,6.19,902704.0
2755.0,3.0,2,8.53,199578.0,222275.0,5.55,648241.0
2385.0,4.0,1,3.51,35668.0,347883.0,4.87,561261.0
3873.0,5.0,2,6.79,103233.0,246521.0,3.27,869277.0
1821.0,,2,7.25,185489.0,185705.0,5.17,461809.0
3413.0,3.0,2,5.61,,202271.0,4.99,786661.0
1929.0,1.0,3,3.75,136133.0,192157.0,4.91,477413.0
2300.0,2.0,2,2.91,40751.0,238868.0,4.46,527548.0
1502.0,2.0,2,1.3,,273660.0,4.61,347829.0
3249.0,5.0,2,3.74,156649.0,220521.0,3.84,743342.0
3577.0,2.0,1,6.88,37352.0,129526.0,4.58,788319.0
2379.0,4.0,1,9.44,118835.0,108819.0,3.29,575393.0
961.0,2.0,3,8.84,127493.0,424614.0,5.72,315718.0
1001.0,5.0,3,7.89,58927.0,424169.0,3.24,323645.0
2781.0,2.0,1,8.1,131948.0,358009.0,2.84,640356.0
1795.0,4.0,3,6.98,59493.0,210399.0,4.24,474467.0
3117.0,1.0,1,3.34,61707.0,264303.0,5.13,673940.0
1615.0,5.0,2,9.16,168368.0,224004.0,4.25,452631.0
1255.0,1.0,2,7.04,186470.0,481633.0,3.61,319465.0
2075.0,1.0,3,6.04,65842.0,378821.0,4.73,485624.0
1816.0,1.0,1,2.0,43261.0,470602.0,3.89,398825.0
3143.0,3.0,1,5.02,,339385.0,6.23,692786.0
3567.0,3.0,3,5.14,125985.0,173769.0,6.19,823287.0
1137.0,1.0,1,8.78,136616.0,428734.0,4.51,312229.0
1678.0,5.0,2,5.92,97173.0,289350.0,3.81,445739.0
1876.0,4.0,3,4.42,61781.0,316186.0,5.45,487403.0
1591.0,4.0,3,9.79,43652.0,495367.0,2.65,460024.0
3064.0,2.0,1,2.0,,221541.0,4.4,647015.0
1563.0,5.0,3,4.8,55500.0,419589.0,3.85,450985.0
3035.0,3.0,1,1.38,130336.0,61350.0,6.18,660944.0
1179.0,1.0,1,7.66,196601.0,286907.0,2.55,291026.0
1292.0,2.0,1,9.26,143499.0,51881.0,4.71,351201.0
,,1,3.52,179524.0,452406.0,5.46,864774.0
1980.0,,1,8.73,79393.0,226968.0,4.44,489658.0
2862.0,3.0,3,3.63,192246.0,285207.0,2.84,663110.0
864.0,1.0,2,9.2,196508.0,80063.0,6.39,263140.0
3368.0,4.0,2,7.79,77406.0,292471.0,4.57,787526.0
2167.0,5.0,3,8.24,93059.0,258535.0,4.96,577226.0
1952.0,3.0,3,1.16,177026.0,351675.0,3.45,483920.0
2827.0,1.0,2,9.67,112722.0,252538.0,4.43,668751.0
3495.0,5.0,2,7.54,42356.0,0.0,,801400.0
2295.0,4.0,2,3.74,158128.0,252210.0,2.8,535560.0
3934.0,3.0,2,8.46,32187.0,412793.0,2.92,876626.0
1962.0,,2,3.53,107243.0,107823.0,5.85,508377.0
2322.0,5.0,1,8.85,65098.0,288657.0,3.46,593150.0
,5.0,3,2.01,182297.0,417202.0,3.28,775563.0
,3.0,1,7.33,164678.0,398844.0,4.52,307680.0
,,2,5.87,87620.0,283979.0,5.57,583731.0
1218.0,2.0,2,1.87,193900.0,98924.0,2.75,290860.0
3136.0,4.0,2,3.18,156270.0,432688.0,4.81,708947.0
1178.0,1.0,1,1.11,187561.0,153864.0,2.98,251799.0
2596.0,5.0,1,5.22,44387.0,154700.0,2.65,599420.0
3078.0,2.0,2,3.71,99463.0,381999.0,2.71,666101.0
3865.0,1.0,1,6.39,163663.0,145386.0,5.84,820115.0
2888.0,2.0,1,3.68,121683.0,212023.0,2.97,625352.0
,3.0,2,3.7,92061.0,262456.0,2.68,848046.0
2982.0,5.0,1,7.69,111257.0,221389.0,4.25,708847.0
1000.0,1.0,3,1.43,91753.0,490507.0,5.88,266333.0
2663.0,1.0,3,9.13,114774.0,481940.0,3.55,622054.0
1579.0,1.0,3,8.67,,123290.0,4.19,421319.0
3777.0,1.0,3,7.01,191888.0,96418.0,2.66,826045.0
3904.0,1.0,2,6.34,53408.0,345184.0,4.3,862092.0
3919.0,2.0,2,9.03,154116.0,100599.0,4.81,879773.0
1302.0,5.0,2,2.67,161208.0,145386.0,4.78,339722.0
3254.0,3.0,3,1.71,47413.0,294936.0,3.83,730232.0
2551.0,,3,3.16,143650.0,175849.0,3.76,581858.0
1604.0,3.0,1,8.15,89500.0,147628.0,2.93,392069.0
2946.0,3.0,1,1.31,114514.0,59927.0,3.97,644519.0
3531.0,2.0,3,6.25,,485014.0,2.9,807470.0
2695.0,4.0,3,9.96,96197.0,128533.0,5.57,690885.0
3573.0,5.0,3,8.7,193926.0,473780.0,6.37,852938.0
2370.0,1.0,3,5.69,106240.0,285707.0,6.38,550329.0
1760.0,4.0,1,1.57,46322.0,432688.0,5.96,428648.0
3460.0,3.0,3,8.48,143053.0,80063.0,4.9,813690.0
2285.0,4.0,1,6.39,36968.0,452633.0,5.3,534205.0
3490.0,5.0,3,2.03,57518.0,348076.0,3.64,784597.0
1828.0,1.0,3,1.84,81925.0,197878.0,5.02,438995.0
1302.0,1.0,3,9.19,141900.0,319152.0,4.32,344200.0
3614.0,5.0,1,7.02,123422.0,265189.0,4.43,831300.0
1197.0,5.0,1,8.46,31700.0,372754.0,5.53,338653.0
1670.0,,2,8.91,123782.0,365617.0,3.63,442085.0
3642.0,1.0,3,6.15,53199.0,384199.0,3.77,804150.0
1192.0,,2,5.66,193187.0,283979.0,6.2,326203.0
1006.0,2.0,2,4.87,35520.0,388130.0,2.72,271043.0
1838.0,2.0,1,3.85,139814.0,457974.0,4.44,405905.0
2681.0,5.0,1,4.91,197527.0,301004.0,6.15,643920.0
3739.0,3.0,2,7.96,153364.0,155573.0,4.94,860008.0
2284.0,2.0,3,6.42,,153780.0,4.69,568340.0
1663.0,1.0,1,9.03,174989.0,96418.0,3.5,411001.0
3590.0,5.0,3,4.99,94925.0,412232.0,3.87,822482.0
1363.0,4.0,3,6.46,137216.0,268532.0,5.91,374824.0
1820.0,5.0,2,6.68,100269.0,153780.0,4.74,469946.0
895.0,4.0,2,6.33,192026.0,262603.0,4.56,287229.0
2723.0,5.0,2,7.32,,53009.0,2.9,647285.0
2557.0,5.0,2,3.14,119037.0,378615.0,2.56,599490.0
3332.0,5.0,1,5.61,182185.0,387353.0,6.35,752730.0
3078.0,4.0,1,1.94,129977.0,393150.0,4.01,684418.0
3596.0,4.0,2,4.46,73939.0,405990.0,4.91,796364.0
2478.0,5.0,1,5.39,59345.0,428734.0,2.82,601539.0
1340.0,2.0,2,6.87,140107.0,319637.0,5.23,367978.0
1859.0,3.0,3,9.55,151866.0,293688.0,6.23,501399.0
3372.0,3.0,3,6.41,99166.0,372554.0,4.8,789016.0
1983.0,3.0,3,7.69,127406.0,459675.0,3.0,500752.0
2522.0,4.0,2,5.56,79298.0,294929.0,4.83,597585.0
3957.0,4.0,3,6.71,74942.0,446308.0,5.57,899286.0
,2.0,1,1.64,33453.0,104460.0,4.13,578225.0
,3.0,3,3.29,132811.0,242994.0,6.02,792471.0
3529.0,3.0,3,4.26,84935.0,65989.0,5.09,785882.0
3404.0,5.0,3,5.25,152439.0,424795.0,6.1,805391.0
2397.0,4.0,1,1.41,38328.0,369752.0,4.99,545544.0
3860.0,3.0,2,2.26,45534.0,332579.0,3.03,847166.0
3493.0,2.0,1,3.49,115280.0,138302.0,3.74,750099.0
1595.0,,2,9.74,66320.0,94331.0,3.31,428692.0
1851.0,3.0,2,3.98,79170.0,279797.0,6.14,444667.0
2443.0,4.0,3,5.34,130546.0,106635.0,5.54,583813.0
,2.0,2,2.76,110201.0,122255.0,5.21,489735.0
2781.0,5.0,1,6.5,38640.0,470268.0,3.7,672290.0
2154.0,2.0,1,3.53,191121.0,435867.0,3.24,478287.0
2463.0,1.0,2,2.86,166690.0,403548.0,5.53,539022.0
2329.0,1.0,3,5.65,162992.0,184066.0,4.4,563890.0
2838.0,4.0,3,1.05,73937.0,76140.0,3.4,668857.0
2296.0,3.0,1,1.07,173279.0,352788.0,4.97,517234.0
3037.0,4.0,3,2.97,194044.0,293688.0,2.66,713643.0
2208.0,4.0,2,1.33,171871.0,402048.0,3.8,521004.0
2200.0,4.0,2,1.97,189988.0,459188.0,4.37,520649.0
2106.0,4.0,1,4.05,100463.0,425854.0,3.09,515177.0
3480.0,5.0,2,8.22,123500.0,402621.0,6.44,806207.0
3475.0,5.0,1,6.15,67158.0,480182.0,3.34,776743.0
1772.0,2.0,2,5.61,114607.0,483685.0,3.02,443255.0
2568.0,1.0,1,3.64,149639.0,475683.0,3.31,564914.0
2082.0,,3,9.39,101696.0,405990.0,5.58,566139.0
1509.0,2.0,2,4.57,91510.0,160168.0,4.2,370788.0
2279.0,,2,1.78,150076.0,460869.0,4.76,493890.0
2234.0,3.0,1,6.55,88692.0,319637.0,2.58,531273.0
1448.0,5.0,1,2.02,160841.0,251904.0,2.64,357586.0
1117.0,1.0,2,4.11,45810.0,189379.0,4.28,280729.0
2057.0,3.0,1,5.57,166198.0,125910.0,5.77,492424.0
1483.0,1.0,2,8.87,191081.0,65989.0,6.04,390036.0
1463.0,5.0,3,5.44,141718.0,241896.0,2.85,412122.0
2798.0,5.0,1,7.32,,405859.0,4.65,676478.0
2431.0,2.0,2,9.94,30192.0,225982.0,6.15,583933.0
2295.0,4.0,3,2.18,66413.0,163978.0,4.05,554974.0
1936.0,1.0,3,3.47,,185758.0,5.82,442985.0
2653.0,1.0,2,4.55,69082.0,465407.0,3.03,609319.0
2320.0,3.0,1,4.8,95048.0,326837.0,6.24,541942.0
3289.0,5.0,2,4.7,153130.0,447891.0,5.51,770359.0
1363.0,1.0,3,9.17,80940.0,224131.0,6.27,386276.0
2091.0,5.0,2,7.43,193202.0,296732.0,5.21,545647.0
3984.0,1.0,1,6.47,70142.0,417202.0,3.95,855472.0
2436.0,2.0,3,3.78,,304730.0,6.25,586839.0
3799.0,4.0,2,8.41,191770.0,202756.0,3.6,861569.0
3952.0,1.0,1,9.6,171727.0,280780.0,3.83,857417.0
1498.0,5.0,3,8.39,191147.0,55695.0,5.3,424864.0
2960.0,2.0,1,1.01,170431.0,246521.0,5.56,640345.0
801.0,1.0,3,6.73,159048.0,122095.0,6.22,238478.0
1441.0,3.0,2,1.46,72056.0,236806.0,3.32,346992.0
3067.0,4.0,1,3.32,81831.0,361200.0,5.69,701113.0
2389.0,1.0,3,1.54,89191.0,171136.0,5.45,535857.0
1654.0,2.0,1,6.43,151948.0,225188.0,2.76,411279.0
,,1,7.18,194344.0,176202.0,4.05,593065.0
3232.0,2.0,2,2.03,138117.0,463461.0,3.63,725579.0
2461.0,2.0,1,4.45,44671.0,355273.0,3.72,531187.0
1953.0,3.0,3,5.11,57048.0,353342.0,6.43,480246.0
1876.0,2.0,3,4.32,55963.0,486048.0,5.07,461738.0
2507.0,3.0,3,2.09,73954.0,170243.0,5.37,579532.0
3577.0,1.0,3,4.77,125430.0,429770.0,6.41,801749.0
2495.0,3.0,2,7.76,30717.0,70855.0,4.01,578094.0
2533.0,3.0,1,1.64,41676.0,172035.0,5.71,572336.0
2239.0,4.0,2,1.72,165506.0,443908.0,4.24,530996.0
3094.0,3.0,1,4.19,148696.0,182886.0,5.98,697399.0
1635.0,,1,9.48,160830.0,79793.0,3.22,410834.0
1002.0,1.0,1,7.02,34994.0,126436.0,6.29,278598.0
922.0,4.0,2,7.11,34234.0,279797.0,3.38,274605.0
1200.0,5.0,1,4.26,99300.0,59927.0,3.8,323793.0
1566.0,1.0,2,6.34,73949.0,361385.0,5.52,368671.0
,1.0,3,1.09,67405.0,446308.0,4.08,267613.0
3127.0,5.0,3,6.72,64872.0,328104.0,4.93,751558.0
3731.0,3.0,1,9.22,72215.0,55695.0,4.28,851232.0
997.0,2.0,2,6.51,53185.0,236584.0,5.47,288517.0
3829.0,4.0,3,8.86,71153.0,103218.0,3.41,907476.0
2730.0,2.0,2,7.52,107535.0,319152.0,2.73,635522.0
3599.0,5.0,2,2.09,163653.0,318614.0,3.7,802638.0
2991.0,1.0,1,9.12,81717.0,277107.0,4.4,678132.0
1408.0,1.0,3,1.6,32763.0,444825.0,3.17,348095.0
1947.0,4.0,1,5.81,122910.0,250417.0,3.92,461884.0
986.0,1.0,1,2.28,85480.0,412355.0,4.1,234591.0
3311.0,1.0,3,1.11,199831.0,432107.0,2.73,730222.0
2594.0,4.0,3,4.8,148094.0,193314.0,4.83,634649.0
1459.0,4.0,2,3.66,186379.0,389997.0,6.04,361641.0
3611.0,5.0,3,5.37,41064.0,314037.0,3.11,826815.0
3802.0,1.0,2,6.19,106848.0,342915.0,4.89,848609.0
2755.0,1.0,2,1.39,67548.0,168128.0,5.16,607233.0
,5.0,2,2.11,198017.0,201542.0,4.18,756401.0
2169.0,3.0,3,6.03,36476.0,335071.0,5.3,553575.0
2786.0,3.0,1,4.09,120101.0,445753.0,4.14,603419.0
2334.0,3.0,2,7.56,32382.0,236443.0,4.52,562406.0
946.0,5.0,1,6.87,194474.0,346213.0,2.53,293532.0
3711.0,1.0,1,8.61,188018.0,137593.0,5.27,793222.0
2534.0,5.0,3,7.23,109698.0,412232.0,5.15,636206.0
2643.0,5.0,1,4.87,183407.0,181936.0,2.65,636317.0
1288.0,3.0,1,7.06,75095.0,119453.0,3.97,336553.0
3776.0,2.0,3,3.48,159974.0,163985.0,6.42,855643.0
2759.0,1.0,2,3.76,57197.0,159863.0,4.18,611733.0
2463.0,3.0,1,8.1,157619.0,427844.0,4.51,597439.0
3398.0,2.0,3,5.02,52010.0,244549.0,6.14,775457.0
3185.0,2.0,1,8.19,185195.0,391651.0,5.37,730790.0
,4.0,1,8.4,117923.0,137592.0,4.83,852869.0
1440.0,1.0,2,8.72,163962.0,230418.0,5.69,366306.0
2602.0,2.0,1,9.25,160526.0,387353.0,5.96,619881.0
3320.0,3.0,3,4.88,139162.0,130152.0,4.33,771309.0
2769.0,4.0,1,3.87,150927.0,134698.0,4.4,619245.0
2998.0,1.0,2,6.24,38026.0,120219.0,4.04,671143.0
2238.0,5.0,2,4.34,94925.0,233736.0,6.37,555769.0
2434.0,3.0,3,6.41,98842.0,361385.0,5.29,575163.0
1062.0,2.0,2,7.35,63665.0,257288.0,2.83,286997.0
2587.0,2.0,1,7.2,,288657.0,5.95,577566.0
2991.0,3.0,2,4.37,,181936.0,4.42,669980.0
3193.0,2.0,3,2.5,44683.0,115524.0,2.78,699385.0
1423.0,,2,4.87,161742.0,341075.0,4.7,394813.0
1816.0,1.0,2,2.28,178961.0,144108.0,4.17,411304.0
1680.0,4.0,2,9.01,108542.0,155573.0,6.01,449755.0
2849.0,2.0,3,4.11,84319.0,181936.0,3.32,635905.0
3744.0,5.0,2,2.39,122067.0,133291.0,5.81,842073.0
2127.0,1.0,2,1.23,182711.0,194923.0,4.73,456982.0
3101.0,1.0,1,6.81,177705.0,427844.0,2.72,660636.0
1252.0,,3,6.73,195732.0,439725.0,6.39,349669.0
,3.0,2,4.07,98975.0,157325.0,4.55,848804.0
1983.0,5.0,3,1.65,,453526.0,3.66,487487.0
3862.0,1.0,2,4.69,131158.0,492210.0,4.38,837075.0
2856.0,5.0,2,3.8,41577.0,376694.0,5.93,676939.0
3970.0,3.0,2,7.09,107299.0,277107.0,3.72,880068.0
2482.0,3.0,1,6.45,50176.0,138422.0,3.27,590211.0
3663.0,1.0,1,4.28,93972.0,97014.0,3.02,766373.0
3055.0,4.0,1,2.96,150018.0,342717.0,3.69,696081.0
1954.0,2.0,3,9.89,49996.0,159767.0,5.62,505437.0
1203.0,3.0,3,5.09,130922.0,412910.0,4.39,323377.0
2999.0,3.0,1,7.19,116598.0,284778.0,3.41,693141.0
2901.0,4.0,3,2.26,65931.0,459740.0,3.16,675049.0
3991.0,4.0,2,5.37,154168.0,356038.0,3.83,914270.0
2496.0,5.0,2,1.25,196782.0,216258.0,6.26,573092.0
1427.0,5.0,2,5.55,153099.0,475659.0,3.87,387585.0
1386.0,2.0,1,9.68,64693.0,119639.0,6.45,374360.0
2448.0,,3,4.46,196812.0,285707.0,4.44,595092.0
2243.0,1.0,1,1.35,138944.0,198955.0,3.22,464731.0
2245.0,,3,1.28,47374.0,390435.0,6.06,561447.0
903.0,3.0,2,4.49,111471.0,144913.0,4.34,262608.0
1053.0,5.0,1,2.44,75913.0,130863.0,5.34,298582.0
3983.0,3.0,3,1.21,153683.0,444295.0,6.43,862432.0
3357.0,4.0,3,7.81,74516.0,271468.0,2.7,801331.0
2296.0,5.0,2,5.13,117796.0,358009.0,2.89,574259.0
898.0,4.0,1,3.6,56069.0,481967.0,5.38,252062.0
3000.0,2.0,1,9.1,148333.0,398844.0,3.63,663483.0
2684.0,2.0,1,2.05,114811.0,390435.0,3.24,593983.0
3761.0,1.0,2,9.6,148028.0,128533.0,2.66,822723.0
2719.0,5.0,1,3.83,69178.0,126946.0,2.59,617627.0
1677.0,4.0,2,9.0,62821.0,460243.0,5.6,440692.0
1137.0,3.0,2,6.43,46999.0,466047.0,3.04,314639.0
3669.0,2.0,2,8.44,68712.0,210399.0,4.37,810581.0
,2.0,3,9.86,63722.0,293459.0,4.92,457407.0
2504.0,3.0,1,3.6,40625.0,422119.0,4.21,549409.0
960.0,4.0,1,9.65,36859.0,469149.0,2.61,298186.0
2403.0,4.0,2,4.51,140986.0,119453.0,5.63,587138.0
3648.0,5.0,2,4.47,51839.0,98924.0,2.54,841456.0
1197.0,5.0,1,4.06,57216.0,148064.0,5.55,317863.0
2100.0,1.0,2,5.87,82953.0,163604.0,6.07,481887.0
1615.0,2.0,1,2.39,79522.0,470602.0,4.23,372369.0
,5.0,3,5.98,165958.0,344150.0,4.64,579755.0
2719.0,4.0,2,5.88,141249.0,459188.0,4.41,632263.0
2215.0,3.0,1,7.86,37485.0,325848.0,4.06,508134.0
1958.0,4.0,2,8.5,192527.0,281414.0,6.05,516314.0
2018.0,2.0,1,4.96,,430724.0,6.08,470798.0
1200.0,4.0,1,3.72,142701.0,386373.0,3.84,328092.0
1439.0,1.0,2,3.33,189525.0,197878.0,4.96,326863.0
3904.0,2.0,3,2.75,132638.0,134719.0,6.21,849055.0
3535.0,3.0,1,1.52,42226.0,153119.0,6.35,776866.0
1259.0,1.0,1,4.08,123405.0,318614.0,4.54,279305.0
1754.0,2.0,1,3.43,52588.0,91743.0,4.31,385518.0
1269.0,3.0,3,9.7,192781.0,137593.0,3.61,394979.0
1845.0,1.0,3,6.02,67019.0,396293.0,6.34,467660.0
3597.0,1.0,2,4.13,95133.0,70855.0,3.07,774245.0
2493.0,2.0,3,6.22,144444.0,279797.0,4.82,590462.0
2885.0,,2,2.25,147603.0,160966.0,3.63,664148.0
3077.0,1.0,2,5.0,188598.0,78926.0,3.62,681977.0
1362.0,1.0,3,6.64,158585.0,346213.0,4.12,341814.0
3285.0,3.0,2,5.4,73395.0,93856.0,6.5,744803.0
2599.0,,3,4.62,185103.0,65216.0,2.72,631598.0
2874.0,2.0,2,9.94,155814.0,377210.0,4.81,687480.0
,,3,8.92,198773.0,293688.0,2.83,296258.0
1597.0,5.0,3,6.61,,64506.0,3.12,439720.0
3131.0,5.0,2,6.12,55939.0,486048.0,4.26,754592.0
3726.0,2.0,1,6.59,181396.0,405990.0,4.54,815451.0
1759.0,5.0,2,2.81,183939.0,438388.0,3.54,430991.0
2304.0,3.0,3,4.56,30203.0,276921.0,3.77,577356.0
1252.0,2.0,1,1.36,177616.0,312651.0,2.85,285977.0
3867.0,5.0,2,5.28,176971.0,351675.0,3.71,898146.0
1615.0,2.0,2,5.89,59063.0,168843.0,6.37,411891.0
1458.0,4.0,2,3.05,120880.0,448413.0,6.28,385319.0
1346.0,1.0,1,9.68,33748.0,246521.0,3.84,326445.0
2015.0,2.0,3,9.19,147269.0,181763.0,4.78,517240.0
3920.0,1.0,2,7.5,110764.0,392022.0,6.14,872199.0
816.0,5.0,2,5.8,181956.0,144108.0,2.52,285346.0
2043.0,1.0,2,8.83,186255.0,402215.0,5.74,476043.0
3005.0,2.0,2,2.18,138036.0,0.0,,658508.0
3324.0,4.0,2,8.11,180331.0,220205.0,2.87,756087.0
1869.0,5.0,3,2.12,197031.0,379933.0,3.15,476019.0
,2.0,3,8.15,146525.0,376284.0,6.34,771220.0
2946.0,5.0,2,3.48,194529.0,256251.0,4.65,688972.0
2568.0,3.0,1,8.89,115679.0,461659.0,2.56,599167.0
1860.0,1.0,3,9.5,155829.0,278584.0,3.53,469279.0
3127.0,3.0,1,2.34,158216.0,314179.0,4.3,691394.0
3344.0,2.0,3,5.16,163175.0,162138.0,5.27,761230.0
1101.0,4.0,2,9.83,95901.0,140140.0,5.43,331528.0
980.0,5.0,3,5.35,177175.0,225982.0,6.48,317685.0
1406.0,1.0,2,8.77,128046.0,495367.0,3.65,367834.0
3970.0,5.0,3,6.3,120012.0,287890.0,4.65,923527.0
1499.0,2.0,2,4.38,108278.0,362579.0,4.63,382708.0
1792.0,5.0,2,3.57,,96121.0,4.12,438073.0
1939.0,1.0,2,2.83,132476.0,59726.0,3.18,428802.0
990.0,2.0,2,7.86,189973.0,82766.0,6.41,280372.0
3100.0,5.0,1,4.48,150721.0,298099.0,5.91,698533.0
1780.0,4.0,2,5.6,127537.0,422119.0,4.49,449111.0
3775.0,2.0,1,5.43,111159.0,446308.0,4.91,829462.0
2806.0,2.0,1,6.2,161040.0,386128.0,3.41,631361.0
1984.0,4.0,2,8.79,199509.0,448276.0,4.68,530037.0
927.0,3.0,1,9.83,65503.0,57452.0,5.28,261327.0
2865.0,1.0,3,4.67,105403.0,488166.0,4.56,655364.0
2616.0,3.0,2,8.45,194796.0,220948.0,6.46,620222.0
2558.0,5.0,1,7.88,94286.0,365143.0,4.95,614161.0
3413.0,4.0,2,6.16,104842.0,95256.0,3.98,770890.0
1369.0,3.0,2,9.6,134927.0,439546.0,5.59,386302.0
2146.0,2.0,2,2.8,44908.0,266621.0,3.18,508957.0
2695.0,5.0,1,1.98,67228.0,65989.0,4.04,626637.0
3533.0,5.0,3,8.69,53386.0,389298.0,3.89,842759.0
1425.0,3.0,3,4.95,58302.0,257288.0,4.23,373748.0
3701.0,3.0,1,8.62,90815.0,285295.0,5.63,837206.0
2486.0,4.0,2,9.04,93344.0,317687.0,4.44,627890.0
3809.0,1.0,1,1.56,196690.0,78164.0,5.68,779256.0
954.0,3.0,1,8.95,141603.0,482537.0,4.81,297451.0
3337.0,3.0,1,5.03,91114.0,392221.0,3.87,743285.0
2209.0,2.0,2,5.59,55525.0,425854.0,5.74,528842.0
1584.0,5.0,1,6.64,109818.0,305658.0,3.45,396242.0
3975.0,1.0,2,9.34,144589.0,239933.0,3.4,863531.0
1045.0,2.0,1,1.17,175406.0,87034.0,4.52,258361.0
3910.0,,3,5.29,124715.0,238728.0,3.54,880696.0
2300.0,4.0,1,7.19,36644.0,311439.0,2.54,562417.0
2505.0,3.0,1,7.5,131154.0,135058.0,5.09,581802.0
3606.0,3.0,3,7.23,194005.0,390414.0,4.54,815582.0
1337.0,4.0,2,2.21,73469.0,100519.0,4.28,364976.0
2690.0,3.0,2,3.69,,495990.0,6.37,635215.0
2641.0,1.0,1,4.23,136609.0,424614.0,4.78,565322.0
1720.0,3.0,3,8.24,178447.0,260515.0,5.95,474792.0
3255.0,5.0,2,3.51,95206.0,106635.0,3.06,739233.0
1324.0,3.0,1,2.9,126462.0,412355.0,4.78,327964.0
3675.0,2.0,3,9.62,197679.0,462310.0,5.97,864928.0
2329.0,1.0,2,1.08,113178.0,60068.0,4.83,524372.0
,2.0,2,9.98,185065.0,168920.0,5.37,848005.0
835.0,2.0,3,7.09,116724.0,272633.0,3.99,269150.0
1484.0,5.0,3,8.46,,138302.0,2.87,425117.0
819.0,1.0,3,3.65,157314.0,205918.0,4.33,253663.0
3168.0,1.0,3,1.13,106312.0,463962.0,4.08,694844.0
3359.0,1.0,1,7.64,105324.0,448413.0,5.97,726384.0
1199.0,1.0,3,8.51,101196.0,252538.0,3.48,347698.0
3501.0,1.0,2,7.66,100014.0,468841.0,6.37,774948.0
1771.0,5.0,2,2.29,169282.0,356038.0,6.33,435141.0
2706.0,3.0,1,7.78,171994.0,137592.0,3.49,618212.0
3318.0,2.0,2,7.92,197361.0,306008.0,3.89,764221.0
1966.0,1.0,2,6.93,63340.0,446178.0,6.08,448818.0
1915.0,3.0,3,7.9,69850.0,84753.0,6.37,477868.0
1633.0,3.0,2,8.61,143711.0,79092.0,4.27,418074.0
2623.0,2.0,1,6.52,41094.0,293322.0,3.78,607210.0
3574.0,5.0,3,1.8,117959.0,248639.0,4.6,834651.0
2782.0,4.0,3,5.39,194490.0,204237.0,5.25,673846.0
1653.0,4.0,1,1.7,35741.0,91743.0,3.59,405036.0
850.0,3.0,3,4.67,141585.0,285207.0,5.45,261672.0
1374.0,2.0,3,4.66,152564.0,258785.0,2.71,344569.0
,4.0,1,1.59,98798.0,66555.0,2.7,470043.0
2997.0,3.0,3,4.14,146026.0,0.0,,679359.0
3161.0,5.0,1,2.0,140130.0,285707.0,3.91,723590.0
3417.0,4.0,1,8.27,52164.0,266621.0,3.76,770042.0
3152.0,3.0,2,9.53,196667.0,106635.0,4.46,744891.0
2515.0,3.0,2,1.65,,478565.0,3.78,579615.0
1481.0,,3,9.6,175283.0,65029.0,3.27,396407.0
1637.0,5.0,3,5.7,,424795.0,3.74,467099.0
1877.0,1.0,1,3.7,166304.0,108741.0,6.4,421812.0
3850.0,2.0,3,1.69,82691.0,358950.0,4.14,860369.0
3291.0,1.0,1,5.51,109768.0,290909.0,4.28,727731.0
3460.0,1.0,1,8.15,186685.0,100519.0,4.81,752985.0
3840.0,4.0,3,7.36,44026.0,256251.0,6.43,903347.0
3111.0,3.0,1,1.45,60908.0,119590.0,3.47,673726.0
3924.0,5.0,2,1.66,49610.0,202545.0,5.23,885023.0
2395.0,1.0,3,4.63,93185.0,305821.0,5.36,542684.0
3851.0,5.0,2,3.66,102567.0,451562.0,4.93,874969.0
804.0,1.0,3,3.09,66182.0,390435.0,2.85,247324.0
1926.0,2.0,1,3.53,146136.0,224004.0,5.21,453520.0
2019.0,1.0,3,8.23,161642.0,331373.0,2.76,512513.0
1573.0,4.0,2,9.36,49288.0,470452.0,4.88,447886.0
1676.0,3.0,1,4.65,108824.0,83783.0,5.46,383471.0
1791.0,2.0,3,9.15,,400918.0,3.34,483218.0
3731.0,1.0,3,3.89,114425.0,76270.0,5.87,816449.0
846.0,5.0,3,5.29,30917.0,446308.0,2.62,296986.0
3714.0,2.0,2,3.03,105602.0,398627.0,5.88,791591.0
3670.0,2.0,2,6.76,94575.0,450085.0,4.34,819396.0
3783.0,1.0,3,9.81,102518.0,308093.0,3.37,873609.0
3503.0,2.0,1,6.43,69104.0,89346.0,3.04,761056.0
1068.0,5.0,1,4.22,179134.0,259988.0,6.31,288287.0
1169.0,2.0,2,6.83,46999.0,135166.0,2.79,329309.0
1435.0,5.0,1,2.11,171013.0,377036.0,3.3,364048.0
1929.0,1.0,2,9.0,91169.0,484090.0,3.89,455462.0
2493.0,3.0,3,5.53,184542.0,391702.0,4.98,618344.0
2482.0,2.0,2,5.04,159744.0,90696.0,4.68,578797.0
1456.0,3.0,2,6.27,140684.0,269707.0,3.0,383269.0
919.0,5.0,3,6.62,89821.0,183248.0,3.66,316565.0
1630.0,2.0,1,1.65,165601.0,241896.0,3.46,374282.0
2610.0,4.0,2,7.14,42192.0,370646.0,3.35,620341.0
1881.0,3.0,2,3.18,104102.0,319279.0,4.14,462128.0
2774.0,2.0,3,7.43,144894.0,319152.0,5.32,652601.0
2169.0,3.0,1,8.4,116795.0,408902.0,3.37,509336.0
1540.0,2.0,2,8.24,195159.0,352619.0,3.97,385473.0
916.0,1.0,3,5.97,96677.0,229736.0,4.06,254334.0
2653.0,3.0,2,5.68,165699.0,412910.0,6.41,624692.0
3638.0,4.0,3,2.29,164327.0,147628.0,6.32,812867.0
1950.0,4.0,1,7.98,166285.0,122684.0,5.7,493855.0
2731.0,5.0,1,3.44,132412.0,316186.0,3.47,634955.0
1812.0,2.0,1,5.47,49404.0,55695.0,2.77,425128.0
2464.0,3.0,1,3.56,146545.0,360091.0,3.77,552727.0
1881.0,,2,2.2,186452.0,484090.0,3.57,465152.0
1433.0,3.0,2,6.67,180245.0,82230.0,4.52,371489.0
1312.0,2.0,1,1.49,53989.0,98924.0,5.61,299542.0
3649.0,4.0,1,7.74,,323423.0,5.93,821620.0
1919.0,1.0,1,3.86,54519.0,353630.0,5.88,421434.0
1941.0,4.0,2,1.0,52439.0,385513.0,3.94,471815.0
1359.0,5.0,1,5.6,148570.0,488565.0,5.25,352703.0
1287.0,1.0,1,1.42,44995.0,194923.0,3.75,298027.0
1696.0,5.0,1,3.49,53559.0,445753.0,2.74,417279.0
2012.0,2.0,3,7.36,119049.0,332579.0,5.31,501940.0
1503.0,1.0,1,1.56,166093.0,222275.0,2.54,347182.0
2270.0,5.0,3,8.55,128000.0,393566.0,4.14,598458.0
1380.0,2.0,3,1.03,182191.0,490507.0,3.82,337010.0
3637.0,4.0,1,3.22,69350.0,324864.0,5.27,795938.0
3708.0,2.0,3,7.67,55517.0,402621.0,5.56,826714.0
3094.0,3.0,1,3.85,183322.0,82766.0,3.72,669059.0
3947.0,,2,1.92,119132.0,84753.0,5.75,849842.0
953.0,2.0,2,4.24,89546.0,188426.0,3.68,275235.0
2479.0,3.0,2,3.43,135686.0,208223.0,4.29,556320.0
1796.0,5.0,2,8.58,118151.0,130165.0,5.41,500844.0
3957.0,5.0,3,3.82,33327.0,143948.0,5.27,905954.0
3544.0,2.0,1,8.1,150318.0,173769.0,6.45,802667.0
2043.0,3.0,1,9.03,190840.0,366009.0,3.4,482400.0
1892.0,3.0,1,4.9,145945.0,281189.0,5.15,453608.0
3918.0,4.0,2,9.19,76830.0,341075.0,4.94,882740.0
1808.0,5.0,2,4.4,82446.0,451851.0,6.16,452389.0
2941.0,,1,9.68,176232.0,176202.0,3.13,673725.0
2573.0,5.0,2,1.8,195070.0,346213.0,5.51,616759.0
,5.0,1,7.18,188302.0,72337.0,4.77,449759.0
3859.0,4.0,1,5.44,170148.0,133384.0,3.6,869418.0
1252.0,1.0,1,4.49,99341.0,128533.0,4.4,296618.0
2027.0,4.0,1,6.69,61085.0,277203.0,3.84,489413.0
3759.0,1.0,1,7.33,85571.0,443120.0,4.82,821335.0
3065.0,2.0,1,1.04,175787.0,53121.0,6.06,655085.0
3321.0,1.0,1,2.5,158308.0,141563.0,4.78,688595.0
3279.0,4.0,2,7.42,35750.0,217477.0,5.03,766858.0
3188.0,5.0,1,7.0,143931.0,55594.0,4.57,719131.0
1350.0,,1,9.69,108768.0,65216.0,2.7,328931.0
2435.0,1.0,2,7.85,65903.0,350340.0,3.43,570182.0
2112.0,3.0,2,9.56,,304371.0,4.47,531560.0
2557.0,5.0,2,7.32,121036.0,358479.0,3.74,632829.0
1156.0,2.0,1,3.68,117954.0,398030.0,3.23,284532.0
2870.0,4.0,3,1.95,195386.0,391651.0,4.52,687681.0
2585.0,2.0,3,8.04,113014.0,360091.0,3.79,640232.0
3369.0,5.0,2,6.8,196251.0,110380.0,3.53,783690.0
2581.0,1.0,3,1.43,147305.0,90149.0,4.36,577157.0
3971.0,1.0,2,4.24,186410.0,290909.0,3.03,847167.0
3649.0,5.0,1,9.61,62101.0,402215.0,6.21,830921.0
3609.0,,3,5.5,32775.0,411659.0,5.97,810449.0
3289.0,1.0,1,4.89,,93856.0,5.33,702790.0
2431.0,1.0,3,5.12,75619.0,187900.0,2.92,582476.0
3616.0,4.0,1,2.88,180611.0,448138.0,5.6,777312.0
1815.0,4.0,3,4.32,87124.0,148064.0,5.73,475801.0
,3.0,1,4.33,95149.0,444825.0,5.57,496149.0
1315.0,2.0,1,1.47,56616.0,397160.0,2.96,305137.0
3887.0,5.0,3,7.91,198171.0,128533.0,5.08,912932.0
3639.0,5.0,1,4.75,91799.0,84578.0,5.84,819156.0
1135.0,5.0,1,8.4,120221.0,321091.0,4.81,324150.0
2582.0,3.0,1,8.65,,412355.0,5.09,605043.0
3105.0,4.0,3,2.91,55479.0,159863.0,4.33,737809.0
1296.0,3.0,3,6.92,129165.0,379933.0,4.61,376550.0
1695.0,5.0,1,5.25,85863.0,69627.0,2.64,418843.0
3007.0,,1,8.92,112569.0,412100.0,5.06,678358.0
,1.0,3,2.94,176480.0,493599.0,2.83,396507.0
2487.0,4.0,3,7.1,46351.0,463096.0,4.24,635281.0
2731.0,4.0,1,6.47,165203.0,202027.0,3.67,638361.0
3537.0,3.0,1,3.66,74825.0,260307.0,4.68,778774.0
3227.0,4.0,1,2.23,41349.0,352619.0,3.03,712145.0
2368.0,5.0,2,6.86,74254.0,103218.0,5.27,594753.0
1756.0,5.0,3,7.65,,290011.0,5.68,472633.0
3538.0,3.0,2,3.84,42453.0,409281.0,3.15,787461.0
2436.0,5.0,3,6.8,179886.0,408588.0,2.92,632695.0
,2.0,3,4.56,179335.0,356038.0,3.08,499703.0
2240.0,3.0,3,7.42,107694.0,187854.0,6.01,570915.0
1991.0,2.0,3,2.79,45735.0,136486.0,4.61,486715.0
1866.0,1.0,3,9.01,176902.0,292555.0,4.37,476192.0
,2.0,3,3.59,77893.0,469843.0,2.93,312911.0
3244.0,1.0,3,4.31,157006.0,459188.0,5.1,715066.0
811.0,1.0,2,1.52,75066.0,130165.0,5.97,223149.0
2430.0,2.0,1,2.0,164445.0,356450.0,5.81,511132.0
3346.0,3.0,1,5.64,171407.0,106635.0,5.0,725785.0
1553.0,5.0,2,3.41,184813.0,122255.0,2.8,424188.0
2882.0,,2,8.52,40692.0,212023.0,2.95,714036.0
3574.0,1.0,2,1.13,75541.0,481940.0,2.7,774193.0
3696.0,1.0,2,4.41,195129.0,123290.0,3.53,788463.0
889.0,3.0,3,4.04,96983.0,374464.0,3.04,279119.0
1575.0,4.0,1,1.17,180655.0,207195.0,3.54,358685.0
3452.0,2.0,3,2.12,183837.0,306008.0,4.04,748738.0
3817.0,1.0,1,4.72,184978.0,146452.0,6.27,796134.0
2425.0,5.0,1,5.44,150747.0,312651.0,4.94,583092.0
3869.0,3.0,2,4.64,115103.0,168542.0,5.84,876601.0
1217.0,2.0,3,5.78,199302.0,457407.0,5.34,325653.0
914.0,3.0,2,6.36,180592.0,113928.0,2.95,270290.0
1416.0,2.0,3,1.09,,51881.0,5.44,335559.0
1625.0,2.0,1,5.18,103193.0,257370.0,3.6,391603.0
2449.0,1.0,2,9.67,191206.0,487364.0,5.06,572646.0
2316.0,3.0,2,5.67,171417.0,233622.0,3.86,543612.0
,3.0,1,7.1,151015.0,412355.0,6.49,859550.0
1212.0,5.0,1,3.81,160956.0,456882.0,3.55,334151.0
1528.0,5.0,1,7.97,100744.0,408105.0,3.62,425181.0
3868.0,,2,7.96,63455.0,432733.0,6.22,838553.0
3608.0,1.0,3,5.69,189090.0,395280.0,2.6,795531.0
1475.0,4.0,2,9.78,84219.0,80791.0,5.29,427634.0
2692.0,5.0,3,2.13,75991.0,259074.0,5.4,624939.0
3304.0,2.0,2,1.15,103616.0,184794.0,5.85,715995.0
3767.0,3.0,2,7.93,117438.0,493599.0,6.4,839511.0
3039.0,1.0,1,8.26,146841.0,93169.0,6.4,693034.0
3586.0,3.0,3,2.08,170558.0,339987.0,2.76,810805.0
,3.0,2,3.39,199934.0,136126.0,5.79,464701.0
2371.0,4.0,2,1.16,88870.0,153533.0,5.09,546006.0
1777.0,5.0,1,3.64,116694.0,429502.0,5.09,429540.0
1808.0,1.0,1,7.96,73856.0,319637.0,3.01,417658.0
2943.0,3.0,3,5.66,131407.0,451013.0,5.1,696385.0
2487.0,1.0,2,4.13,61379.0,59615.0,6.43,561813.0
3510.0,2.0,3,4.35,94729.0,61781.0,6.15,769817.0
836.0,4.0,2,1.01,189450.0,225982.0,4.26,242857.0
2348.0,2.0,3,3.7,84353.0,241591.0,2.66,542118.0
3126.0,1.0,1,6.82,44031.0,147799.0,3.95,679487.0
3064.0,1.0,2,9.77,95982.0,453526.0,5.81,719025.0
3714.0,5.0,3,8.62,66683.0,495563.0,5.31,864885.0
1672.0,3.0,1,1.21,144091.0,408902.0,4.34,385013.0
,3.0,1,9.09,147797.0,319515.0,2.72,631956.0
2096.0,2.0,3,8.05,178690.0,446178.0,4.21,523058.0
2909.0,4.0,2,8.02,36587.0,449351.0,4.38,711039.0
,3.0,2,5.12,92790.0,291071.0,6.21,346326.0
2703.0,5.0,1,4.58,61480.0,121042.0,5.06,635082.0
1528.0,2.0,2,3.73,181599.0,93461.0,3.75,360041.0
2165.0,2.0,2,1.59,53569.0,408588.0,4.6,479408.0
1196.0,5.0,2,3.05,41151.0,226968.0,2.76,331671.0
1498.0,4.0,1,3.22,74739.0,237464.0,6.39,371668.0
3890.0,5.0,3,5.36,62954.0,282520.0,3.94,896870.0
3024.0,4.0,2,7.73,139373.0,244549.0,4.41,721387.0
2435.0,5.0,1,5.26,196375.0,59615.0,3.92,595715.0
1195.0,5.0,1,1.52,64700.0,256251.0,5.23,312402.0
3292.0,1.0,3,9.62,,295984.0,5.15,751920.0
875.0,2.0,2,9.48,96788.0,432811.0,5.36,259042.0
1064.0,5.0,2,8.07,101045.0,428185.0,3.57,332925.0
3302.0,5.0,3,9.92,198914.0,143948.0,3.76,813754.0
2619.0,3.0,3,5.9,174972.0,120219.0,3.0,612657.0
1517.0,2.0,1,9.66,157992.0,216964.0,5.12,387963.0
3582.0,3.0,1,1.68,110059.0,65989.0,2.66,763001.0
1650.0,2.0,3,4.29,31881.0,388585.0,4.89,399189.0
2190.0,3.0,2,3.03,194109.0,418655.0,5.98,506381.0
943.0,5.0,1,2.76,162702.0,364493.0,6.06,268568.0
1684.0,5.0,1,2.27,50789.0,264636.0,4.3,425774.0
3940.0,1.0,2,6.6,156083.0,263363.0,4.34,851635.0
3970.0,3.0,1,8.03,118059.0,174954.0,2.81,869114.0
1195.0,4.0,2,6.2,76151.0,398844.0,5.18,347785.0
,1.0,2,2.32,139388.0,129267.0,5.79,840310.0
3795.0,3.0,2,8.3,33262.0,123290.0,3.48,857761.0
3738.0,3.0,3,6.72,96981.0,57697.0,4.19,855454.0
2292.0,1.0,3,4.49,150951.0,159767.0,5.86,527242.0
1967.0,5.0,3,7.07,153099.0,279304.0,6.01,516086.0
3416.0,3.0,2,3.34,,350340.0,3.47,751839.0
1862.0,5.0,2,4.11,105485.0,450346.0,4.7,480362.0
2956.0,1.0,3,9.26,84722.0,245558.0,3.27,689176.0
1865.0,5.0,1,3.61,,160966.0,2.91,445893.0
2009.0,2.0,2,5.23,191004.0,473780.0,6.14,483062.0
3782.0,4.0,1,9.01,36901.0,379760.0,5.78,867048.0
3245.0,3.0,1,7.37,147473.0,88346.0,5.54,746304.0
1433.0,4.0,2,1.56,38597.0,412910.0,2.7,377401.0
1956.0,5.0,2,2.33,159631.0,304292.0,5.87,490078.0
2038.0,3.0,1,1.07,,405220.0,4.25,452379.0
1532.0,5.0,1,6.68,102391.0,173664.0,3.87,403558.0
1034.0,,3,5.03,169335.0,194923.0,4.69,279222.0
3505.0,1.0,3,2.21,93293.0,324892.0,2.87,764400.0
1550.0,3.0,2,9.62,186877.0,211081.0,5.53,420638.0
3435.0,2.0,3,5.77,41874.0,290011.0,4.83,764250.0
3880.0,2.0,3,3.18,,72337.0,3.25,852271.0
3945.0,3.0,3,5.51,44079.0,220733.0,3.25,908860.0
,5.0,3,7.12,102779.0,89346.0,3.24,497491.0
3339.0,2.0,1,1.69,125408.0,217896.0,2.73,709397.0
3760.0,4.0,2,3.47,170090.0,145386.0,4.85,822641.0
2342.0,2.0,3,8.26,150606.0,120411.0,5.86,589956.0
1997.0,5.0,1,5.14,150062.0,357347.0,2.57,480992.0
2476.0,5.0,1,5.92,42100.0,98924.0,2.7,604126.0
1991.0,,1,4.9,87021.0,373966.0,4.79,495158.0
3017.0,2.0,3,1.4,180872.0,149352.0,5.78,694289.0
2216.0,5.0,3,2.49,158126.0,80063.0,3.81,567857.0
3793.0,3.0,2,5.01,122446.0,64506.0,3.9,849645.0
3642.0,1.0,3,2.88,59437.0,369752.0,4.89,783209.0
3481.0,1.0,3,1.45,181014.0,355273.0,3.6,768273.0
2017.0,1.0,1,8.59,50862.0,119590.0,2.61,459219.0
,2.0,2,9.83,41669.0,61618.0,5.44,582874.0
2876.0,4.0,3,8.14,151219.0,154215.0,5.0,703301.0
2245.0,5.0,3,8.68,45916.0,385178.0,4.82,593358.0
3186.0,3.0,1,3.18,40878.0,70855.0,5.47,688866.0
2319.0,3.0,1,9.65,32985.0,64506.0,5.2,556818.0
,2.0,3,2.77,71235.0,53969.0,3.32,527244.0
2656.0,1.0,2,9.56,48931.0,153844.0,3.91,625145.0
2165.0,2.0,2,9.95,122876.0,381950.0,3.0,522836.0
1299.0,4.0,1,7.41,30336.0,490507.0,3.02,358292.0
2480.0,4.0,1,9.83,72933.0,134698.0,5.2,596562.0
1310.0,5.0,3,6.13,75536.0,469515.0,5.93,393246.0
1016.0,5.0,1,3.34,99504.0,354082.0,6.35,275155.0
2124.0,4.0,3,4.93,129214.0,407776.0,5.01,537782.0
1955.0,4.0,2,6.34,143936.0,358019.0,3.24,488464.0
2627.0,4.0,2,1.66,,293459.0,2.92,611263.0
3941.0,2.0,3,6.6,133751.0,147628.0,5.75,888339.0
2610.0,4.0,1,9.83,134433.0,437324.0,4.82,642520.0
3292.0,3.0,2,2.71,101386.0,93461.0,4.97,717012.0
3723.0,1.0,1,8.13,116124.0,341075.0,5.63,797494.0
2005.0,4.0,2,9.17,135750.0,51466.0,5.31,503222.0
3014.0,1.0,3,9.49,107485.0,305821.0,5.84,725123.0
890.0,2.0,3,9.64,104055.0,292555.0,2.72,291165.0
1513.0,,3,5.69,121911.0,412910.0,5.49,383006.0
2681.0,2.0,2,9.8,128618.0,424795.0,5.9,629094.0
838.0,3.0,1,7.82,143892.0,298099.0,3.64,265082.0
3997.0,2.0,1,2.46,101128.0,177251.0,5.06,830750.0
972.0,2.0,1,5.29,179180.0,64859.0,3.76,252559.0
1452.0,5.0,2,7.46,82495.0,357347.0,6.33,403422.0
1553.0,4.0,2,3.23,112806.0,423192.0,2.63,391960.0
2043.0,4.0,2,6.77,123185.0,65216.0,4.82,528995.0
1881.0,3.0,2,7.0,79649.0,141128.0,3.17,489874.0
2483.0,3.0,2,2.46,,348277.0,5.35,583389.0
3323.0,4.0,1,6.09,194957.0,434922.0,3.2,747783.0
1255.0,5.0,2,7.94,125402.0,383478.0,3.44,370780.0
1628.0,4.0,2,5.49,60676.0,473221.0,4.48,439714.0
1694.0,5.0,1,1.11,94093.0,170243.0,6.16,429059.0
,3.0,2,1.08,109414.0,279638.0,3.35,520214.0
2758.0,1.0,1,4.21,123095.0,77877.0,3.08,604900.0
3872.0,3.0,1,9.34,102307.0,65216.0,5.54,866329.0
3234.0,3.0,3,3.06,125432.0,398277.0,4.5,733575.0
2796.0,2.0,3,6.71,61923.0,245829.0,6.15,666761.0
3195.0,2.0,3,3.0,147449.0,,,707128.0
989.0,2.0,3,3.9,77574.0,301004.0,5.08,294750.0
1304.0,2.0,2,8.63,151757.0,126436.0,3.43,352847.0
2014.0,5.0,3,7.56,83664.0,90149.0,3.13,523768.0
2331.0,4.0,1,1.86,97384.0,402854.0,5.23,517361.0
1623.0,1.0,2,4.86,61027.0,241896.0,4.87,382650.0
1728.0,3.0,3,1.26,196536.0,182018.0,5.52,423888.0
,,1,5.33,64485.0,101322.0,3.74,421229.0
1940.0,1.0,2,6.96,,206078.0,4.29,466324.0
933.0,5.0,2,2.07,65554.0,482732.0,4.12,264015.0
,5.0,3,3.6,,365617.0,6.44,711684.0
1484.0,3.0,2,4.58,43409.0,377036.0,3.67,382884.0
3519.0,4.0,1,9.28,66639.0,178447.0,3.68,818565.0
3020.0,2.0,2,9.94,49692.0,84782.0,3.92,707404.0
2652.0,4.0,1,1.4,119037.0,205666.0,4.76,578022.0
1614.0,3.0,2,7.85,48074.0,185150.0,3.51,420311.0
1972.0,3.0,3,4.35,176621.0,108819.0,6.16,499569.0
879.0,3.0,1,4.53,59963.0,495563.0,3.56,257917.0
3733.0,1.0,2,7.79,82265.0,72692.0,6.08,831155.0
1002.0,4.0,2,9.27,46061.0,444295.0,2.91,325921.0
3611.0,4.0,2,9.56,189882.0,481633.0,5.13,842164.0
2052.0,5.0,1,6.19,143502.0,452633.0,6.13,500146.0
2499.0,5.0,1,4.21,52800.0,358479.0,3.17,602704.0
2050.0,5.0,1,8.09,146192.0,201738.0,6.37,526770.0
2482.0,3.0,3,3.26,137228.0,177251.0,4.31,568365.0
2355.0,4.0,3,6.08,58054.0,276453.0,6.28,599094.0
2894.0,3.0,1,4.23,43233.0,296375.0,5.21,649180.0
2056.0,,2,6.91,186140.0,64859.0,3.71,488745.0
2349.0,,3,3.16,95727.0,348277.0,3.25,587384.0
1966.0,3.0,1,2.72,120610.0,447768.0,3.71,446405.0
2196.0,3.0,2,9.26,100453.0,462310.0,2.87,542963.0
3503.0,1.0,3,1.92,134135.0,277705.0,3.08,753619.0
1270.0,2.0,2,5.55,186904.0,358479.0,2.92,345587.0
3818.0,4.0,2,2.99,138464.0,368903.0,4.19,833813.0
1835.0,2.0,2,1.35,43682.0,198955.0,5.68,437881.0
2153.0,5.0,2,1.32,184455.0,293688.0,3.07,534476.0
3583.0,3.0,3,2.58,88160.0,113014.0,3.02,819023.0
3631.0,1.0,3,8.8,53666.0,305821.0,5.07,805719.0
1767.0,1.0,3,3.54,88817.0,53969.0,3.29,437206.0
1157.0,4.0,1,9.55,121198.0,102003.0,2.89,324664.0
3819.0,,3,6.23,195714.0,332579.0,3.17,847183.0
,4.0,2,4.93,71830.0,419119.0,6.19,369152.0
1172.0,3.0,3,6.22,40234.0,55695.0,5.79,321097.0
,4.0,2,5.65,87616.0,113014.0,3.92,464107.0
1945.0,1.0,1,7.83,39221.0,147624.0,5.12,471699.0
2171.0,1.0,2,3.54,172482.0,217477.0,4.65,478156.0
3523.0,5.0,2,4.18,31051.0,147628.0,5.21,814901.0
889.0,5.0,2,9.05,140529.0,412100.0,5.23,289604.0
3545.0,3.0,1,9.52,106918.0,367942.0,5.01,794264.0
1339.0,2.0,3,9.03,108116.0,157573.0,3.56,382336.0
,4.0,3,4.78,152226.0,78633.0,2.66,809546.0
1668.0,3.0,1,8.02,74757.0,65029.0,4.32,424905.0
840.0,5.0,2,5.29,151008.0,394877.0,6.06,280020.0
1539.0,4.0,3,5.48,161379.0,459675.0,4.78,430455.0
2746.0,5.0,1,2.84,86889.0,233736.0,5.83,629582.0
3349.0,4.0,3,6.32,65944.0,106635.0,6.47,805773.0
3806.0,,1,2.68,129555.0,406778.0,3.15,805643.0
2024.0,3.0,2,3.98,68134.0,349182.0,5.27,500454.0
1728.0,4.0,3,8.7,188395.0,129267.0,5.2,454500.0
2836.0,1.0,1,2.86,55954.0,285707.0,6.42,605739.0
3308.0,1.0,3,1.64,119959.0,217477.0,6.44,715216.0
3579.0,4.0,3,1.62,34992.0,324349.0,5.25,792312.0
3599.0,4.0,3,9.47,31961.0,318011.0,3.47,848590.0
1724.0,4.0,3,5.56,,311439.0,5.69,462006.0
3756.0,1.0,1,4.68,193623.0,185909.0,2.93,781475.0
2381.0,1.0,2,8.3,43255.0,139524.0,5.62,574766.0
1189.0,4.0,1,8.52,165639.0,229971.0,6.14,351936.0
2417.0,5.0,1,3.99,78847.0,313801.0,4.03,554102.0
3730.0,5.0,1,7.24,50389.0,457974.0,5.02,848417.0
1055.0,2.0,2,7.94,153802.0,314037.0,4.22,293189.0
1508.0,3.0,3,6.89,91576.0,296367.0,4.25,392403.0
2638.0,5.0,3,2.36,73919.0,364557.0,3.74,641386.0
2744.0,1.0,3,8.88,33358.0,402621.0,5.55,649571.0
3297.0,5.0,2,5.85,118535.0,0.0,,788015.0
809.0,2.0,3,3.54,135982.0,471837.0,6.26,239191.0
3671.0,2.0,2,4.83,35698.0,257288.0,3.2,792661.0
1597.0,3.0,3,1.34,96809.0,241444.0,6.0,391894.0
1676.0,5.0,3,2.15,,78926.0,5.45,423884.0
1828.0,,1,7.89,85805.0,144913.0,3.51,426456.0
3990.0,1.0,2,1.0,192421.0,213052.0,2.77,833394.0
1815.0,4.0,1,4.75,105033.0,301004.0,3.57,448622.0
2624.0,1.0,1,5.7,128239.0,185909.0,6.15,579100.0
1173.0,3.0,1,1.49,160407.0,128537.0,5.03,304959.0
3936.0,3.0,2,9.76,74041.0,70323.0,5.38,897352.0
2993.0,1.0,2,3.04,61954.0,471585.0,3.53,670239.0
1023.0,1.0,3,3.74,38002.0,486606.0,5.38,286612.0
2062.0,4.0,1,3.74,99783.0,136126.0,2.61,481538.0
3024.0,1.0,3,3.07,137524.0,398844.0,4.0,678535.0
2602.0,,1,1.01,154857.0,412232.0,5.01,578932.0
1652.0,4.0,2,7.56,,446308.0,3.08,450671.0
862.0,1.0,2,9.7,40703.0,358479.0,5.79,253926.0
2040.0,2.0,2,3.02,143776.0,296732.0,3.44,472748.0
3674.0,2.0,1,6.97,,408766.0,5.11,790085.0
3642.0,4.0,2,7.68,74724.0,405990.0,4.12,825293.0
1488.0,1.0,1,8.64,62299.0,130820.0,4.88,352491.0
2284.0,2.0,3,4.8,45641.0,324864.0,2.93,528563.0
2433.0,1.0,1,3.73,109534.0,452406.0,2.57,530639.0
2952.0,1.0,3,3.93,36305.0,136436.0,6.14,676548.0
3970.0,1.0,1,7.41,48782.0,260307.0,3.58,872059.0
1310.0,5.0,3,8.35,108257.0,78633.0,5.78,414575.0
1184.0,1.0,2,2.63,107963.0,314179.0,6.5,286884.0
1204.0,5.0,3,4.34,151987.0,313801.0,3.35,343074.0
3670.0,4.0,2,9.12,181638.0,359378.0,3.56,867779.0
1317.0,2.0,2,8.26,154591.0,388585.0,5.15,336287.0
1275.0,2.0,3,9.86,97766.0,151894.0,6.36,387988.0
2800.0,2.0,1,7.79,36511.0,148064.0,6.16,625638.0
3556.0,2.0,1,4.54,144816.0,336639.0,4.51,753309.0
2468.0,2.0,1,6.32,187249.0,176202.0,5.68,545983.0
2693.0,2.0,1,6.95,34765.0,80791.0,3.04,621830.0
3618.0,2.0,1,1.71,181426.0,273068.0,6.41,773901.0
2260.0,4.0,2,5.9,53929.0,424614.0,6.36,569674.0
3894.0,1.0,1,7.38,189892.0,122684.0,3.15,832741.0
3844.0,3.0,2,2.51,141576.0,55695.0,3.7,844577.0
3524.0,5.0,2,8.03,190595.0,140909.0,2.9,840151.0
1513.0,3.0,2,6.25,101088.0,153306.0,3.59,409919.0
882.0,3.0,3,9.57,107525.0,149352.0,5.76,295904.0
1968.0,1.0,3,1.38,43780.0,280780.0,4.01,461870.0
3956.0,1.0,2,3.39,36589.0,103218.0,2.85,857632.0
3949.0,1.0,3,6.41,195884.0,60068.0,3.87,868436.0
3304.0,2.0,1,3.67,123664.0,308093.0,6.43,699472.0
2701.0,4.0,1,7.43,134188.0,271468.0,5.02,626282.0
2848.0,2.0,2,7.83,123326.0,265356.0,4.16,668049.0
850.0,4.0,1,1.92,,141321.0,3.17,239779.0
1484.0,4.0,2,5.62,95785.0,461840.0,6.44,380157.0
1516.0,3.0,2,5.58,49309.0,285295.0,5.78,380877.0
2269.0,3.0,1,4.32,84195.0,429770.0,3.63,511649.0
1248.0,4.0,3,9.4,55901.0,55730.0,2.78,382990.0
,4.0,1,8.45,184648.0,474195.0,2.73,433619.0
1287.0,2.0,1,7.27,192580.0,296732.0,2.98,321631.0
2623.0,2.0,2,7.43,55464.0,129526.0,4.82,601337.0
2881.0,3.0,2,5.16,46260.0,347883.0,6.22,670264.0
2942.0,1.0,2,9.29,154997.0,489358.0,4.49,663641.0
3943.0,4.0,2,7.25,65440.0,254994.0,5.87,897225.0
2374.0,2.0,3,7.56,125082.0,189379.0,4.28,580211.0
3001.0,3.0,3,8.76,135583.0,344150.0,5.33,706833.0
1049.0,2.0,3,3.47,86683.0,462817.0,5.43,287904.0
1473.0,4.0,2,8.26,154206.0,107823.0,3.2,398477.0
1237.0,4.0,2,2.76,163059.0,292471.0,3.94,342295.0
2965.0,5.0,2,4.11,186177.0,340979.0,5.05,694798.0
1570.0,1.0,3,4.02,108484.0,160168.0,2.78,404382.0
1067.0,5.0,2,9.81,174098.0,158297.0,3.95,359187.0
2784.0,3.0,1,8.71,98309.0,217477.0,4.64,657241.0
1877.0,2.0,1,7.31,75927.0,458756.0,6.48,451074.0
1035.0,3.0,2,7.54,72946.0,169873.0,4.4,289266.0
1188.0,4.0,1,6.06,156503.0,136486.0,5.76,305096.0
3837.0,5.0,1,9.52,171449.0,155924.0,4.23,891115.0
1562.0,5.0,3,5.47,83592.0,55695.0,5.69,434609.0
2648.0,5.0,2,4.42,168419.0,79092.0,4.88,623045.0
3248.0,3.0,2,2.47,63776.0,424795.0,6.05,736027.0
1423.0,4.0,3,8.08,164855.0,159863.0,4.14,390864.0
3614.0,2.0,1,7.61,85798.0,446178.0,4.92,787905.0
3766.0,2.0,1,4.46,165370.0,308669.0,5.02,828657.0
2052.0,3.0,2,1.23,100204.0,418582.0,4.17,476297.0
3700.0,5.0,1,8.55,116207.0,414315.0,3.08,839728.0
1377.0,1.0,3,1.1,,412910.0,2.87,340499.0
2922.0,3.0,3,7.33,90652.0,189379.0,2.57,711821.0
1234.0,3.0,2,9.73,195556.0,223686.0,5.99,353065.0
,4.0,3,4.94,159572.0,317687.0,3.45,719049.0
1563.0,2.0,3,3.11,50922.0,259988.0,3.35,402527.0
3585.0,3.0,2,7.34,,428734.0,5.44,823731.0
3653.0,3.0,3,8.35,181388.0,407489.0,3.78,839110.0
2129.0,5.0,3,5.92,106996.0,474195.0,4.52,564114.0
2945.0,5.0,3,9.7,178040.0,382553.0,3.15,738262.0
3645.0,1.0,1,1.47,60266.0,468297.0,6.34,775682.0
2158.0,4.0,2,5.54,185072.0,444295.0,5.91,514244.0
3706.0,1.0,2,7.47,175083.0,382066.0,5.96,812427.0
3282.0,5.0,2,8.76,32866.0,394877.0,4.13,790190.0
1246.0,2.0,1,2.61,142669.0,466047.0,5.55,311326.0
,5.0,1,8.2,35898.0,51466.0,3.08,652658.0
2131.0,,2,5.97,48395.0,326452.0,2.53,537679.0
1048.0,5.0,1,4.57,34006.0,461826.0,2.58,315029.0
965.0,4.0,2,2.19,195465.0,96418.0,4.85,276908.0
3831.0,4.0,1,8.79,40956.0,159767.0,4.32,884615.0
2158.0,4.0,3,2.42,167150.0,475683.0,4.57,529017.0
1819.0,4.0,3,3.79,190703.0,348627.0,2.53,463525.0
1341.0,4.0,2,3.61,125676.0,347883.0,4.19,347289.0
1558.0,2.0,1,8.84,151724.0,102975.0,5.37,399897.0
3977.0,1.0,1,7.05,92901.0,290909.0,4.27,869857.0
2928.0,3.0,3,8.17,137227.0,178674.0,5.43,704003.0
2980.0,,3,3.25,147192.0,304730.0,3.43,647305.0
1596.0,4.0,1,6.62,61417.0,331373.0,5.75,410461.0
3747.0,2.0,1,6.15,118020.0,442643.0,4.85,828023.0
937.0,5.0,1,8.5,113639.0,277203.0,3.34,310869.0
3031.0,2.0,1,9.15,124881.0,443908.0,3.45,682134.0
2153.0,4.0,1,1.11,162659.0,360091.0,5.01,471819.0
3632.0,2.0,1,7.07,151688.0,164456.0,5.82,789413.0
,2.0,2,1.47,145584.0,240167.0,4.16,597668.0
3831.0,4.0,1,5.94,116567.0,465407.0,3.53,864634.0
868.0,2.0,3,3.59,105886.0,214145.0,5.97,253241.0
3393.0,3.0,2,3.76,179888.0,468841.0,5.18,755922.0
2900.0,3.0,1,4.18,59432.0,116253.0,4.29,637556.0
2273.0,2.0,3,6.59,102373.0,211205.0,4.45,548443.0
1004.0,5.0,2,4.01,195289.0,366009.0,3.32,297343.0
,4.0,3,7.59,50884.0,193277.0,5.01,701182.0
842.0,3.0,1,4.64,35454.0,106635.0,3.93,246936.0
2706.0,5.0,1,1.62,104960.0,475659.0,6.48,617412.0
2958.0,2.0,1,8.05,132421.0,461906.0,4.42,685302.0
1560.0,5.0,1,3.57,,437324.0,4.44,388116.0
3695.0,1.0,2,4.89,77111.0,264183.0,4.76,800390.0
2942.0,,2,7.17,150592.0,138302.0,6.17,688253.0
2794.0,2.0,3,3.99,89993.0,286907.0,5.7,656622.0
2735.0,4.0,1,1.51,158652.0,177572.0,4.3,624365.0
1699.0,2.0,3,4.37,169920.0,306812.0,5.37,437519.0
1159.0,4.0,2,9.5,108672.0,293459.0,4.84,346557.0
3747.0,2.0,1,6.78,96125.0,428987.0,4.47,814982.0
2519.0,5.0,1,7.04,147509.0,459675.0,3.27,603622.0
1080.0,,2,6.69,91602.0,459675.0,4.36,339858.0
,5.0,2,2.79,72222.0,460243.0,3.48,620187.0
,1.0,2,4.77,79223.0,197580.0,6.16,352457.0
892.0,4.0,2,7.76,95333.0,442643.0,3.84,296509.0
1471.0,5.0,2,1.91,152650.0,164456.0,6.31,370132.0
2769.0,1.0,1,3.5,79420.0,355442.0,4.63,603954.0
860.0,4.0,2,3.49,105504.0,423192.0,5.03,258345.0
3481.0,2.0,1,4.89,32462.0,89169.0,4.67,769201.0
3922.0,1.0,1,9.82,39460.0,307424.0,3.02,859876.0
1828.0,3.0,2,1.61,129319.0,55730.0,4.0,414020.0
2289.0,1.0,2,5.67,170347.0,416330.0,2.9,506636.0
1403.0,1.0,1,2.61,174341.0,207419.0,4.99,322412.0
1481.0,4.0,2,9.74,159593.0,412910.0,4.29,421513.0
3381.0,2.0,2,2.02,152672.0,287890.0,5.61,719496.0
2228.0,3.0,2,4.63,102920.0,396030.0,3.38,538151.0
3685.0,5.0,3,7.64,52553.0,373836.0,3.16,885229.0
3492.0,5.0,1,7.34,185438.0,147799.0,4.13,790913.0
3080.0,1.0,3,4.8,74036.0,428185.0,6.21,683572.0
1323.0,4.0,2,4.12,178441.0,390687.0,5.34,363425.0
3193.0,4.0,3,4.58,172867.0,281189.0,4.18,758775.0
3917.0,,2,3.38,100021.0,414410.0,4.57,867143.0
3393.0,3.0,3,2.85,137205.0,113014.0,2.84,748955.0
2768.0,2.0,2,5.35,191215.0,368953.0,6.44,641989.0
1901.0,3.0,3,3.42,190497.0,221541.0,5.17,470351.0
2553.0,2.0,3,3.59,118209.0,328266.0,3.64,602258.0
2636.0,5.0,3,6.91,105139.0,202756.0,4.84,672209.0
3944.0,2.0,1,9.72,35368.0,253085.0,2.94,864264.0
3641.0,4.0,3,6.43,165693.0,495367.0,6.36,860114.0
3096.0,1.0,1,1.69,88829.0,460520.0,3.2,634075.0
2894.0,1.0,2,1.68,159036.0,487364.0,5.09,614049.0
1944.0,5.0,3,9.56,44719.0,239651.0,3.48,547615.0
3061.0,4.0,2,3.68,59227.0,61984.0,5.37,699576.0
3086.0,3.0,2,1.83,139430.0,253085.0,5.61,700608.0
1879.0,4.0,3,6.39,168638.0,153864.0,5.19,503863.0
3197.0,1.0,1,6.61,42306.0,453769.0,4.96,692851.0
,1.0,3,6.84,83822.0,459188.0,6.07,263284.0
3678.0,4.0,2,3.41,54042.0,152828.0,2.81,821474.0
847.0,4.0,2,1.14,176158.0,389386.0,3.82,262663.0
1136.0,1.0,3,9.69,178459.0,178447.0,3.49,345064.0
1849.0,3.0,1,3.26,188114.0,106396.0,6.45,427242.0
3651.0,5.0,1,7.08,119424.0,129526.0,4.06,816556.0
2080.0,5.0,2,7.36,179395.0,489902.0,5.43,526728.0
2855.0,4.0,2,6.49,48019.0,273279.0,5.24,663171.0
1424.0,5.0,1,3.82,105426.0,379933.0,3.35,360057.0
2690.0,1.0,3,3.44,70863.0,427844.0,3.46,625335.0
2076.0,1.0,2,6.38,141023.0,122684.0,3.63,473796.0
2515.0,4.0,1,8.79,171355.0,438388.0,4.14,609812.0
3566.0,4.0,2,9.52,179351.0,277203.0,3.44,815990.0
1102.0,4.0,3,1.95,76999.0,463461.0,2.58,299813.0
1438.0,3.0,1,2.39,92780.0,341975.0,6.02,364380.0
855.0,5.0,2,9.5,52908.0,358009.0,6.36,282831.0
1525.0,,3,7.63,156278.0,153864.0,3.87,436699.0
1325.0,2.0,2,8.95,143002.0,359509.0,3.85,355996.0
1273.0,2.0,3,2.82,199024.0,238069.0,2.53,339461.0
827.0,1.0,3,6.29,130706.0,457407.0,5.22,235112.0
2925.0,5.0,1,7.31,,395973.0,5.8,673586.0
1164.0,4.0,3,7.12,152019.0,65029.0,3.09,355722.0
,2.0,2,4.67,139708.0,308191.0,3.14,775081.0
1325.0,5.0,3,1.14,39343.0,368953.0,5.66,350377.0
3546.0,1.0,3,6.25,106173.0,128537.0,4.97,783422.0
2135.0,3.0,1,3.28,130260.0,65029.0,2.68,483729.0
1682.0,5.0,3,5.05,190206.0,280780.0,4.99,473682.0
1830.0,5.0,3,9.62,99443.0,448138.0,3.74,525001.0
1826.0,,2,4.59,87530.0,293459.0,3.97,448643.0
2446.0,5.0,1,8.56,165899.0,256946.0,5.58,595595.0
1718.0,1.0,1,2.7,,478638.0,5.74,384023.0
3597.0,1.0,1,7.05,174771.0,348627.0,4.1,769385.0
3210.0,3.0,3,9.79,144527.0,96121.0,6.29,780407.0
2574.0,4.0,1,1.92,166385.0,220733.0,4.13,567127.0
2331.0,2.0,3,1.07,174670.0,432706.0,5.59,524314.0
3653.0,4.0,3,4.9,141362.0,395280.0,4.44,847699.0
3586.0,5.0,2,1.83,58807.0,451562.0,6.09,787168.0
2706.0,2.0,2,7.74,89550.0,175659.0,6.13,647189.0
3886.0,3.0,2,9.23,33558.0,263363.0,2.85,897242.0
2015.0,3.0,2,4.91,80113.0,207753.0,6.25,473210.0
